CONCELHO,Lng Ponderado,Lat Ponderado,Pop,Area Ha,H,M,0-4,5-9,10-13,14-19,20-24,25-64,>=65
ABRANTES,-8.18358279618767,39.4690753155424,39325,71469,09,18950,20375,1421,1699,1484,2027,1826,20624,10244
ÁGUEDA,-8.43990181652404,40.5817566196896,47729,33527,45,22891,24838,1940,2264,1934,3031,2624,26598,9338
AGUIAR DA BEIRA,-7.52955545317835,40.7803656513437,5473,20676,57,2580,2893,164,197,201,340,273,2659,1639
ALANDROAL,-7.40250149610946,38.60683103549,5843,54267,81,2833,3010,217,202,199,294,302,2852,1777
ALBERGARIA-A-VELHA,-8.4953173439448,40.6967830927322,25252,15882,49,12230,13022,1227,1262,1113,1641,1337,14118,4554
ALBUFEIRA,-8.23426933618208,37.1094977165419,40828,14066,42,20028,20800,2130,2171,1758,2776,2245,24241,5507
ALCÁCER DO SAL,-8.49636492004078,38.3778959730973,13046,149987,29,6332,6714,541,587,455,676,652,6855,3280
ALCANENA,-8.67919751100843,39.4792974814407,13868,12732,88,6686,7182,563,632,522,786,711,7360,3294
ALCOBAÇA,-8.99089019897464,39.5309260494729,56688,40814,08,27455,29233,2339,2792,2518,3668,2960,30706,11705
ALCOCHETE,-8.93518249013397,38.7338225874009,17569,12836,48,8494,9075,1186,1098,843,1085,856,9963,2538
ALCOUTIM,-7.66817744122133,37.4238705739634,2917,57536,33,1454,1463,61,76,78,104,93,1223,1282
ALENQUER,-9.0213838920222,39.0691718091743,43267,30421,92,21066,22201,2291,2423,1958,2656,2235,24127,7577
ALFÂNDEGA DA FÉ,-6.95376168419343,41.3526744710185,5104,32194,64,2467,2637,131,162,161,298,241,2451,1660
ALIJÓ,-7.48769509575144,41.2885485732573,11942,29759,88,5772,6170,388,451,412,658,635,6043,3355
ALJEZUR,-8.78929780603343,37.3243513748179,5884,32349,96,2905,2979,220,222,180,271,235,3056,1700
ALJUSTREL,-8.16808210789417,37.8944621643491,9257,45847,41,4579,4678,335,331,318,510,467,4938,2358
ALMADA,-9.18063529957405,38.6483022650944,174030,7000,89,82496,91534,8261,8479,7148,10294,9068,95055,35725
ALMEIDA,-6.89277560288002,40.6295654449897,7242,51798,46,3395,3847,132,200,206,326,314,3391,2673
ALMEIRIM,-8.60552734137215,39.1744292803577,23376,22212,05,11100,12276,1164,1189,987,1283,1050,12566,5137
ALMODÔVAR,-8.06987953462708,37.5006718689165,7449,77788,02,3677,3772,281,295,242,343,363,3684,2241
ALPIARÇA,-8.57056059659633,39.2411307065625,7702,9536,33,3699,4003,376,384,314,402,338,4003,1885
ALTER DO CHÃO,-7.69118709799945,39.2129714081051,3562,36206,62,1680,1882,113,128,113,186,161,1672,1189
ALVAIÁZERE,-8.38125397206174,39.8266904434149,7287,16047,76,3406,3881,226,247,247,387,388,3401,2391
ALVITO,-8.04241509087406,38.2446211889589,2504,26485,32,1199,1305,94,105,102,137,148,1212,706
AMADORA,-9.22511180899332,38.7580902429753,175135,2378,48,82341,92794,8696,8444,7098,10869,10270,97014,32742
AMARANTE,-8.08533659497316,41.2808532197311,56264,30133,13,26968,29296,2439,3019,2855,4396,3411,31073,9071
AMARES,-8.36320526509323,41.6379746809484,18889,8195,4,9131,9758,908,1042,962,1416,1203,10261,3097
ANADIA,-8.45783021451832,40.4529620693809,29150,21663,49,13967,15183,1031,1220,1186,1711,1505,15602,6895
ANGRA DO HEROÍSMO,-27.2290814858808,38.6815655894306,35402,23899,66,17265,18137,1671,1954,1724,2702,2435,19705,5211
ANSIÃO,-8.42655843086946,39.9302852866232,13092,17609,43,6173,6919,484,572,505,724,679,6610,3518
ARCOS DE VALDEVEZ,-8.41784771710381,41.8649438058564,22847,44759,62,10429,12418,749,860,775,1209,1066,11131,7057
ARGANIL,-8.02865267096703,40.2347899475172,12145,33283,94,5788,6357,378,470,392,706,576,5991,3632
ARMAMAR,-7.68504865378646,41.0984309065652,6297,11723,72,2981,3316,210,283,266,451,320,3171,1596
AROUCA,-8.28975855187709,40.9322727826564,22359,32910,51,10799,11560,1039,1102,1051,1631,1353,12159,4024
ARRAIOLOS,-7.95623769750397,38.7731027493128,7363,68374,55,3576,3787,284,296,269,427,330,3825,1932
ARRONCHES,-7.23948552533613,39.118591948121,3165,31464,72,1535,1630,90,106,108,170,144,1478,1069
ARRUDA DOS VINHOS,-9.08485256050402,38.9820045954577,13391,7795,94,6571,6820,784,831,665,812,603,7387,2309
AVEIRO,-8.62928818003112,40.6411221204591,78450,19757,58,37120,41330,3638,3706,3269,5041,4328,45202,13266
AVIS,-7.88681489560209,39.0761477996445,4571,60596,51,2178,2393,140,185,156,264,255,2165,1406
AZAMBUJA,-8.89666702514327,39.125862943159,21814,26265,65,11031,10783,1017,1073,893,1181,998,12257,4395
BAIÃO,-7.99987961942799,41.1455012943564,20522,17452,82,9811,10711,853,1042,959,1530,1383,10921,3834
BARCELOS,-8.61295784812881,41.5339414931695,120391,37890,14,58284,62107,5596,6626,6156,9546,7755,68165,16547
BARRANCOS,-7.05218788443442,38.1481882965502,1834,16841,73,890,944,78,85,66,92,89,968,456
BARREIRO,-9.05512552911274,38.6455485076559,78764,3639,07,37347,41417,3580,3871,3052,4442,3696,43112,17011
BATALHA,-8.79477181773645,39.6480046565092,15805,10341,6,7648,8157,772,808,702,1063,830,8669,2961
BEJA,-7.87248293122349,38.0084807911678,35854,114647,54,17387,18467,1775,1847,1422,2041,1860,19347,7562
BELMONTE,-7.33406488639501,40.3040516543436,2947,8043,95,1439,1508,91,98,93,170,138,1441,916
BENAVENTE,-8.81285951007701,38.8750216206088,29019,52138,4,14166,14853,1654,1746,1434,1887,1555,16091,4652
BOMBARRAL,-9.16414912935727,39.2748001245379,13193,9128,55,6353,6840,523,608,501,849,659,7004,3049
BORBA,-7.46985973105166,38.8022499745044,7333,14518,66,3615,3718,260,273,254,402,376,3817,1951
BOTICAS,-7.70280806884906,41.6864200916529,5750,32195,66,2779,2971,162,206,169,278,265,2843,1827
BRAGA,-8.4249161110272,41.5477943542993,181494,18339,93,86707,94787,9021,9899,8572,13024,11249,105835,23894
BRAGANÇA,-6.75635762077957,41.7936664682478,35341,117357,26,16966,18375,1372,1426,1274,2000,1882,19182,8205
CABECEIRAS DE BASTO,-7.98277703145739,41.5133405764244,16710,24182,17,8115,8595,757,915,828,1351,1033,8605,3221
CADAVAL,-9.07567316854643,39.236748000162,14228,17489,29,6871,7357,640,688,555,756,637,7310,3642
CALDAS DA RAINHA,-9.10964618039746,39.4113658862105,51729,25569,45,24505,27224,2241,2523,2213,3305,2750,27877,10820
Calheta,-17.1669862550541,32.7552077913728,11521,11150,55,5211,6310,501,574,515,761,633,5957,2580
CALHETA DE SÃO JORGE,-27.9252740133148,38.5957516047657,3773,12626,39,1876,1897,169,206,145,247,241,2012,753
Câmara de Lobos,-16.9831552804473,32.6720668298251,35666,5216,74,17221,18445,2126,2481,2304,3468,2703,18987,3597
CAMINHA,-8.82989977786659,41.8456362273372,16684,13652,14,7737,8947,600,668,604,1032,947,8887,3946
CAMPO MAIOR,-7.04522993206999,39.0219655234182,8456,24720,16,4098,4358,419,450,366,526,482,4381,1832
CANTANHEDE,-8.61941425308197,40.3555907929715,36595,39088,02,17394,19201,1445,1528,1407,2070,1790,19259,9096
CARRAZEDA DE ANSIÃES,-7.30949166956808,41.2361627026426,6373,27924,09,3066,3307,174,220,192,333,317,3101,2036
CARREGAL DO SAL,-7.98848241556483,40.4485122113539,9835,11689,22,4664,5171,391,462,397,641,505,4924,2515
CARTAXO,-8.8060170821915,39.1575668273434,24462,15817,28,11844,12618,1067,1256,1015,1431,1222,13378,5093
CASCAIS,-9.384892749959,38.7170791488001,206479,9740,17,96866,109613,10608,10936,8933,12959,10946,115383,36714
CASTANHEIRA DE PÊRA,-8.19580753712858,40.0199488248237,3191,6677,45,1520,1671,95,106,106,173,151,1560,1000
CASTELO BRANCO,-7.48528677663939,39.8522001854271,56109,143819,16,26661,29448,2246,2340,2013,3111,2821,30222,13356
CASTELO DE PAIVA,-8.29107689874854,41.0330689619004,16733,11500,53,8184,8549,748,910,839,1270,1039,9337,2590
CASTELO DE VIDE,-7.4771250616696,39.4586667254724,3407,26491,24,1629,1778,78,122,120,179,154,1625,1129
CASTRO DAIRE,-7.92780792552005,40.906204099586,15339,37904,13,7370,7969,551,681,643,1066,724,7508,4166
CASTRO MARIM,-7.49753993094982,37.2342434410708,6747,30084,37,3355,3392,252,268,255,386,321,3462,1803
CASTRO VERDE,-8.05607500814191,37.7030904306416,7276,56944,22,3567,3709,266,336,274,460,372,3800,1768
CELORICO DA BEIRA,-7.39027101978309,40.6261164801053,7693,24721,65,3611,4082,260,334,277,430,366,3758,2268
CELORICO DE BASTO,-8.03654206488868,41.4023149695344,20098,18107,04,9749,10349,886,972,990,1464,1331,10632,3823
CHAMUSCA,-8.41042161570301,39.3316775516213,10120,74600,54,4878,5242,374,407,325,505,508,5287,2714
CHAVES,-7.46857531708126,41.737617962008,41243,59122,96,19738,21505,1393,1774,1489,2464,2163,21863,10097
CINFÃES,-8.14243668142553,41.0523587169427,20427,23928,76,9932,10495,804,1079,918,1478,1178,10744,4226
COIMBRA,-8.43210562688649,40.214886933156,143396,31939,93,66941,76455,5423,5804,5279,8526,7792,81786,28786
CONDEIXA-A-NOVA,-8.49863253106619,40.1071273793297,17078,13867,48,8001,9077,897,919,750,908,756,9602,3246
CONSTÂNCIA,-8.29816983548406,39.4484961907454,4056,8036,58,1946,2110,188,228,172,234,161,2204,869
CORUCHE,-8.48269529864577,38.9492195470617,19944,111572,02,9523,10421,666,847,699,1009,851,10007,5865
CORVO,-31.1058534547155,39.6999259197931,430,1711,45,240,190,24,21,13,22,15,264,71
COVILHÃ,-7.51383588155078,40.2691514820055,51797,55560,05,24725,27072,1925,2114,1843,2842,2658,28166,12249
CRATO,-7.6422800758696,39.3208667107704,3708,39806,89,1725,1983,96,116,114,150,141,1788,1303
CUBA,-7.90392808300444,38.1856839617986,4878,17208,72,2384,2494,203,223,177,275,289,2467,1244
ELVAS,-7.18451530045712,38.8739815423346,23078,63128,86,11092,11986,1137,1170,1016,1499,1371,11782,5103
ENTRONCAMENTO,-8.4783204033188,39.4637316945178,20206,1372,81,9629,10577,1066,1112,849,1246,1051,11228,3654
ESPINHO,-8.62784057883435,41.0009735281184,31786,2105,67,15112,16674,1089,1333,1282,2047,1698,17783,6554
ESPOSENDE,-8.76311068167855,41.5439009107406,34254,9540,99,16278,17976,1643,1902,1658,2591,2126,19285,5049
ESTARREJA,-8.57917624308372,40.7689266890988,26997,10817,33,13012,13985,1158,1316,1139,1856,1539,14587,5402
ESTREMOZ,-7.58339333548252,38.8529275333639,14318,51379,95,6813,7505,489,553,483,833,734,7144,4082
ÉVORA,-7.89428922730853,38.5770704407232,56596,130707,58,26831,29765,2548,2702,2319,3409,3065,31386,11167
FAFE,-8.17051895080635,41.4562371198924,50633,21908,1,23946,26687,2142,2616,2430,3691,3077,28236,8441
FARO,-7.91697791732242,37.0255175301254,65019,20256,78,31176,33843,3132,3157,2567,3692,3365,37357,11749
FELGUEIRAS,-8.2011430735212,41.3496471937077,58065,11573,76,28103,29962,2677,3237,3228,4998,4040,32533,7352
FERREIRA DO ALENTEJO,-8.18192098909998,38.0711611106282,8255,64820,68,4021,4234,330,330,284,421,424,4256,2210
FERREIRA DO ZÊZERE,-8.30843598719327,39.7189222042736,8619,19038,03,4098,4521,331,347,331,503,437,4172,2498
FIGUEIRA DA FOZ,-8.82898004494887,40.1591466928123,62125,37905,26,29375,32750,2374,2764,2363,3426,2994,34035,14169
FIGUEIRA DE CASTELO RODRIGO,-6.95744930076894,40.895632225123,6260,50857,46,2996,3264,201,220,204,314,323,2955,2043
FIGUEIRÓ DOS VINHOS,-8.28239253620145,39.8926647292044,6169,17343,99,2892,3277,187,213,199,335,315,3095,1825
FORNOS DE ALGODRES,-7.51636997344878,40.6362251368466,4989,13145,03,2353,2636,146,190,164,288,265,2344,1592
FREIXO DE ESPADA À CINTA,-6.82563500825098,41.1101127082177,3780,24414,29,1820,1960,133,145,116,197,162,1715,1312
FRONTEIRA,-7.63135965122413,39.0808419938576,3410,24859,59,1627,1783,127,150,136,177,171,1689,960
Funchal,-16.9238397828513,32.6680460963102,111892,7616,31,52073,59819,4733,5523,4903,7721,6841,64265,17906
FUNDÃO,-7.4877764438633,40.1358409683218,29213,70019,81,14006,15207,985,1167,1011,1678,1499,14780,8093
GAVIÃO,-7.90315653456308,39.4395436180512,4132,29459,45,1951,2181,103,122,107,183,147,1785,1685
GÓIS,-8.11478990174545,40.1280410182915,4260,26330,18,2003,2257,120,156,161,197,187,1989,1450
GOLEGÃ,-8.49931093978011,39.3911828346304,5913,8431,66,2773,3140,199,284,246,321,306,3005,1552
GONDOMAR,-8.5295916902384,41.1513219028786,168027,13186,31,81007,87020,7642,8652,7729,11139,9439,98256,25170
GOUVEIA,-7.58558702219575,40.5164892671021,14046,30061,16,6500,7546,426,456,500,740,688,6697,4539
GRÂNDOLA,-8.59718112875265,38.1984281717642,14826,82593,67,7506,7320,574,641,496,719,711,7897,3788
GUARDA,-7.25307415077954,40.5311841268428,42541,71209,57,20319,22222,1669,2000,1730,2636,2207,23426,8873
GUIMARÃES,-8.32047940153626,41.4456400651577,158088,24095,45,76749,81339,6984,8032,7725,11898,10024,91861,21564
HORTA,-28.6658672192179,38.555221443666,14994,17305,53,7320,7674,731,793,695,1027,886,8578,2284
IDANHA-A-NOVA,-7.15009195978857,39.9215325625142,9716,141633,51,4621,5095,254,281,251,368,358,4035,4169
ÍLHAVO,-8.70243610643998,40.6133702545003,38598,7347,56,18407,20191,1856,1925,1740,2571,2125,21977,6404
LAGOA,-15.0471869557229,37.3638186627106,37417,13384,78,18466,18951,2031,2231,1945,2741,2345,20593,5531
LAGOS,-8.71736325547582,37.136059941478,8954,18383,84,4409,4545,389,406,407,508,412,4763,2069
LAGOS (FARO),-8.68697191233897,37.1128198899817,22095,2915,44,10681,11414,1133,1200,1004,1431,1179,12292,3856
LAJES DAS FLORES,-31.207193518097,39.4088516888587,1504,7004,79,780,724,69,70,62,101,75,844,283
LAJES DO PICO,-28.1941021274383,38.4281514918381,4711,15531,08,2327,2384,183,206,189,291,283,2524,1035
LAMEGO,-7.80999283188933,41.0944049046722,26691,16542,1,12713,13978,957,1246,1205,1817,1519,14546,5401
LEIRIA,-8.80479780063398,39.761282033908,126884,56508,86,61310,65574,5843,6463,5641,8444,7481,70978,22034
LISBOA,-9.15155278887784,38.7399220090321,552644,10005,41,253140,299501,23952,23614,19113,29172,29258,295450,132082
LOULÉ,-8.06070909054215,37.1276621435992,70163,76366,92,34203,35960,3267,3393,2899,4210,3765,39091,13538
LOURES,-9.13247543189135,38.8211510331695,199547,16723,99,95713,103834,10273,10320,8619,12795,11409,112100,34036
LOURINHÃ,-9.28621514624102,39.240098274891,25735,14717,2,12518,13217,1237,1346,1135,1624,1355,13987,5051
LOUSÃ,-8.23220777932716,40.1191052615364,17604,13840,01,8518,9086,899,921,768,1072,909,9878,3157
LOUSADA,-8.27613927768953,41.2817687151587,47387,9608,01,23077,24310,2514,2904,2700,4114,3160,26764,5231
MAÇÃO,-7.99270759776845,39.5933500874532,7338,39997,99,3487,3851,180,220,210,356,288,3203,2881
MACEDO DE CAVALEIROS,-6.94259815939047,41.5402229146924,15776,69914,08,7491,8285,505,627,568,876,833,7932,4435
Machico,-16.7843682241164,32.7375161997234,21828,6825,17,10620,11208,903,1178,1120,1638,1369,12538,3082
MADALENA,-28.4702844150358,38.4939984400448,6049,14712,34,2963,3086,248,289,275,426,395,3307,1109
MAFRA,-9.31204038245196,38.9547457932735,76685,29165,5,37317,39368,4904,4985,3658,4706,3638,43450,11344
MAIA,-8.60468207273833,41.2312127734518,135306,8299,38,64855,70451,7371,7693,6239,8310,6994,80591,18108
MANGUALDE,-7.74713194119347,40.5991105657087,19880,21925,56,9559,10321,743,935,791,1254,1065,10360,4732
MANTEIGAS,-7.52799594386174,40.3962908320937,3430,12197,55,1622,1808,82,114,124,191,186,1745,988
MARCO DE CANAVESES,-8.17396623484734,41.1512256826699,53450,20188,97,26039,27411,2778,3122,3002,4518,3483,29588,6959
MARINHA GRANDE,-8.95349240527133,39.7789052286826,38699,18725,19,18634,20065,1798,2002,1598,2314,1840,21984,7163
MARVÃO,-7.36128609197432,39.3954744250535,3512,15489,9,1720,1792,81,123,103,176,144,1725,1160
MATOSINHOS,-8.66282537889886,41.2033389856386,175478,6241,97,83444,92034,8047,8227,7132,10801,9756,103230,28285
MEALHADA,-8.44282371517275,40.3601013323769,20428,11065,66,9823,10605,890,940,809,1189,1036,11238,4326
MÊDA,-7.25421789175689,40.9047560798835,5202,28604,92,2460,2742,134,174,164,257,239,2446,1788
MELGAÇO,-8.24784133548996,42.0875501747554,9213,23824,59,4076,5137,255,270,235,444,383,4250,3376
MÉRTOLA,-7.68031367702595,37.6666320568896,7274,129287,33,3593,3681,181,221,212,339,359,3449,2513
MESÃO FRIO,-7.87628462902055,41.1630751370611,4433,2664,87,2121,2312,155,196,193,305,261,2394,929
MIRA,-8.75021904260608,40.4294408828945,12465,12403,39,5902,6563,488,481,471,705,648,6528,3144
MIRANDA DO CORVO,-8.32831639308428,40.1106823928227,13098,12637,79,6311,6787,487,583,615,830,711,7052,2820
MIRANDA DO DOURO,-6.35086282922808,41.4926254123445,7482,48718,31,3667,3815,213,230,222,398,320,3676,2423
MIRANDELA,-7.18059305257892,41.4985715500072,23850,65895,68,11353,12497,824,966,862,1496,1319,12367,6016
MOGADOURO,-6.68320857481199,41.3276607522326,9542,76064,91,4699,4843,256,279,277,490,434,4723,3083
MOIMENTA DA BEIRA,-7.62994072481955,40.9742631626774,10212,21996,91,4888,5324,399,467,469,742,587,5131,2417
MOITA,-9.01489820742124,38.6511187088697,66029,5525,98,31708,34321,3410,3489,2951,4357,3766,36775,11281
MONÇÃO,-8.44576906284915,42.0457471630889,19230,21130,87,8728,10502,647,697,559,1001,938,9970,5418
MONCHIQUE,-8.58386529206572,37.3243001062603,6045,39530,43,3046,2999,193,185,183,269,271,3029,1915
MONDIM DE BASTO,-7.92001150130248,41.4042733959079,7493,17207,52,3598,3895,282,371,363,627,431,3810,1609
MONFORTE,-7.43610604918521,39.0471398183115,3329,42024,82,1553,1776,157,171,119,213,154,1560,955
MONTALEGRE,-7.83826451283795,41.7706837901971,10537,80545,73,5096,5441,240,314,348,602,478,5074,3481
MONTEMOR-O-NOVO,-8.24724878059728,38.6642560561506,17437,123296,66,8461,8976,631,741,589,874,831,8768,5003
MONTEMOR-O-VELHO,-8.64887874890211,40.2137138839399,26171,22896,21,12616,13555,1125,1133,905,1459,1418,14285,5846
MONTIJO,-8.94606289094826,38.7025932701247,51222,34861,63,24723,26499,3132,2712,2151,2899,2605,29154,8569
MORA,-8.11973863453825,38.9402990308336,4978,44395,03,2415,2563,138,173,151,230,206,2424,1656
MORTÁGUA,-8.24255758714056,40.4086539946929,9607,25117,81,4621,4986,311,321,307,495,480,5018,2675
MOURA,-7.32772859215277,38.1366401048448,15167,95845,55,7447,7720,730,817,715,943,837,7549,3576
MOURÃO,-7.28019544108976,38.3339180292593,2663,27862,98,1315,1348,114,141,129,191,157,1248,683
MURÇA,-7.43818427545629,41.4127787580827,5952,18937,1,2900,3052,174,239,202,370,280,3016,1671
MURTOSA,-8.66386352410735,40.752721589623,10585,7308,78,5096,5489,506,554,463,714,570,5390,2388
NAZARÉ,-9.0389522174264,39.6058285152632,15158,8243,43,7237,7921,651,687,617,949,782,8419,3053
NELAS,-7.87569110105354,40.522874624739,14037,12571,48,6676,7361,585,700,527,791,668,7327,3439
NISA,-7.65262288133863,39.4953401241349,7450,57567,84,3537,3913,183,252,213,303,283,3390,2826
NORDESTE,-25.2155117368423,37.8218245659985,4937,10146,79,2445,2492,269,282,261,370,332,2550,873
ÓBIDOS,-9.16786910504855,39.3602714816755,11772,14155,44,5724,6048,490,594,518,680,557,6335,2598
ODEMIRA,-8.64199060381978,37.6266997078845,26066,172060,16,13171,12895,952,1068,918,1308,1343,13642,6835
ODIVELAS,-9.1919967661751,38.7956452638781,145142,2654,36,69101,76041,7653,7148,5788,8690,8140,84106,23617
OEIRAS,-9.26992775451772,38.7126125569546,172120,4588,31,80137,91983,8930,9139,6899,9691,8433,96059,32969
OLEIROS,-7.86803510530831,39.9430452814407,5721,47109,31,2721,3000,109,123,123,242,219,2642,2263
OLHÃO,-7.82273319787362,37.0435452317767,45396,13086,37,22174,23222,2496,2589,1983,2855,2297,25154,8022
OLIVEIRA DE AZEMÉIS,-8.4739196634989,40.8531742794241,68611,16110,4,33282,35329,2706,3187,3025,4688,4003,38960,12042
OLIVEIRA DE FRADES,-8.22331234518822,40.7167853741272,10261,14534,62,4868,5393,431,537,441,692,625,5371,2164
OLIVEIRA DO BAIRRO,-8.54933218684199,40.5175257003603,23028,8731,99,10915,12113,1185,1173,1013,1450,1142,12329,4736
OLIVEIRA DO HOSPITAL,-7.864012058711,40.3641945733029,20855,23451,66,10007,10848,751,899,907,1359,1056,10816,5067
OURÉM,-8.5877937770773,39.6688166009306,45940,41668,03,21661,24279,1867,2201,2110,3192,2628,23785,10157
OURIQUE,-8.28633816821854,37.6505372820864,5389,66331,36,2656,2733,138,200,174,243,230,2645,1759
OVAR,-8.62198321316794,40.8896543168231,55398,14770,25,26671,28727,2468,2827,2637,3818,3119,31721,8808
PAÇOS DE FERREIRA,-8.37615226306858,41.2856253074151,56340,7099,28,28081,28259,3031,3349,3184,4578,3737,32198,6263
PALMELA,-8.88350573442106,38.6116068465098,62831,46512,01,30486,32345,3444,3734,2897,3758,3052,34975,10971
PAMPILHOSA DA SERRA,-7.89505447995311,40.0787747170143,4481,39646,24,2065,2416,87,108,104,172,151,1966,1893
PAREDES,-8.38535866498357,41.206270570211,86854,15675,69,42530,44324,4770,5475,4749,6746,5566,49770,9778
PAREDES DE COURA,-8.57095255878073,41.9067651972928,9198,13818,6,4373,4825,365,386,299,452,512,4712,2472
PEDRÓGÃO GRANDE,-8.18070571810532,39.937034302422,3915,12874,75,1851,2064,104,155,150,206,174,1815,1311
PENACOVA,-8.28502580006223,40.2857352272532,15251,21673,23,7208,8043,513,641,590,861,712,8197,3737
PENAFIEL,-8.28971645612882,41.1641132489854,72265,21224,28,35191,37074,3625,4242,3921,6017,4696,40554,9210
PENALVA DO CASTELO,-7.68895767617859,40.6701383192757,7956,13433,9,3815,4141,265,327,314,468,391,3890,2301
PENAMACOR,-7.1607831452,40.1574942758296,5682,56370,7,2760,2922,101,137,141,245,234,2343,2481
PENEDONO,-7.39532873941968,40.9978547482201,2952,13370,75,1415,1537,85,127,121,176,145,1453,845
PENELA,-8.37497111318614,40.0076787138098,5983,13480,2841,3142,221,228,233,333,257,2957,1754
PENICHE,-9.3494666663296,39.3488414227393,27753,7754,99,13444,14309,1285,1380,1173,1683,1465,15065,5702
PESO DA RÉGUA,-7.7875986267072,41.174625866926,17131,9486,01,8111,9020,631,758,745,1258,1018,9368,3353
PINHEL,-7.1142373498753,40.7446410618699,9627,48452,13,4584,5043,242,361,318,496,464,4607,3139
POMBAL,-8.67242668322342,39.9206657989552,55245,62600,28,26432,28813,2297,2553,2321,3369,3057,28472,13176
PONTA DELGADA,-25.7037736626474,37.8029289787199,68809,23298,63,33516,35293,3707,4039,3725,5847,5065,38626,7800
Ponta do Sol,-17.0961465510579,32.7229610377465,8862,4622,09,4084,4778,446,565,489,715,523,4479,1645
PONTE DA BARCA,-8.38667145336283,41.7939070604224,12061,18211,38,5596,6465,411,505,504,790,639,6182,3030
PONTE DE LIMA,-8.58147950693847,41.7485155969009,43498,32025,48,20503,22995,1939,2268,2039,3155,2467,23010,8620
PONTE DE SOR,-8.03272283236805,39.2312843033595,16722,83971,16,8085,8637,593,722,636,1008,867,8650,4246
PORTALEGRE,-7.42592328024104,39.288404955517,24930,44713,65,11971,12959,984,1106,943,1358,1225,13501,5813
PORTEL,-7.72550063843308,38.3091269203202,6428,60100,57,3152,3276,235,264,253,339,346,3218,1773
PORTIMÃO,-8.55143468204795,37.1807524556173,55614,18206,29,26853,28761,2913,2915,2366,3315,2893,31008,10204
PORTO,-8.62097182800836,41.1617371877887,237591,4142,01,108104,129487,8463,9267,8475,14069,13122,129112,55083
PORTO DE MÓS,-8.82170072449557,39.5823848826926,24342,26183,39,11864,12478,1036,1248,1109,1588,1224,13077,5060
Porto Moniz,-17.1646129250122,32.8292176013632,2711,8293,53,1183,1528,92,100,115,164,155,1412,673
Porto Santo,-16.3425996540833,33.0685467631092,5483,4300,8,2746,2737,279,269,227,359,349,3269,731
PÓVOA DE LANHOSO,-8.26045784639972,41.5790065320186,21918,13465,29,10428,11490,968,1228,1074,1662,1326,11826,3834
PÓVOA DE VARZIM,-8.73818481647387,41.4014903433243,63408,8220,6,29958,33450,3148,3507,3012,4712,3694,35843,9492
POVOAÇÃO,-25.2542381619217,37.7668819446343,6327,10640,76,3091,3236,287,381,365,545,450,3388,911
PRAIA DA VITÓRIA,-27.1565564957107,38.7551015642019,21035,16127,06,10432,10603,995,1109,980,1659,1541,11870,2881
PROENÇA-A-NOVA,-7.86799030060477,39.7442093349994,8314,39539,96,3985,4329,208,251,264,447,396,3986,2762
REDONDO,-7.59846741696279,38.6232018742459,7031,36950,87,3434,3597,257,309,257,438,356,3603,1811
REGUENGOS DE MONSARAZ,-7.52159015028482,38.4134752984582,10828,46399,72,5274,5554,456,528,433,670,564,5563,2614
RESENDE,-7.94343023750327,41.0911361111915,11364,12334,91,5523,5841,454,544,551,886,667,5823,2439
Ribeira Brava,-17.0342646986383,32.6947601992996,13375,6544,96,6055,7320,614,868,706,1078,758,7121,2230
RIBEIRA DE PENA,-7.81843685998283,41.5002347441136,6544,21745,98,3196,3348,233,258,262,410,339,3292,1750
RIBEIRA GRANDE,-25.5140941924049,37.8005942724387,32112,18015,14,16184,15928,2471,2457,2057,3143,2659,16568,2757
RIO MAIOR,-8.91367224414476,39.3340701636446,21192,27276,44,10255,10937,987,1071,912,1311,1141,11385,4385
SABROSA,-7.59237111419364,41.2584981681587,6361,15692,45,3069,3292,238,270,217,395,324,3225,1692
SABUGAL,-7.03769767305542,40.3598079241223,12544,82269,83,5885,6659,262,350,302,548,509,5419,5154
SALVATERRA DE MAGOS,-8.7082220416658,39.0320421594468,22159,24393,2,10645,11514,988,1089,971,1307,1024,11886,4894
SANTA COMBA DÃO,-8.12113916388904,40.4032752827937,11597,11194,76,5466,6131,457,526,425,703,545,5988,2953
Santa Cruz,-16.8346856299649,32.6715428161791,43005,8150,38,20877,22128,2700,2797,2102,2902,2423,25751,4330
SANTA CRUZ DA GRACIOSA,-28.0103473523363,39.0572045250459,4391,6065,78,2174,2217,198,214,196,299,282,2324,878
SANTA CRUZ DAS FLORES,-31.191045168926,39.4658221349175,2289,7091,44,1132,1157,100,105,97,142,133,1300,412
SANTA MARIA DA FEIRA,-8.53289456752324,40.9644548384268,139309,21587,65,67402,71907,6363,7442,6547,9740,7984,80610,20623
SANTA MARTA DE PENAGUIÃO,-7.79164041116284,41.2189478212474,7356,6928,14,3463,3893,229,310,279,438,375,3887,1838
Santana,-16.9017204191646,32.7878161079854,7719,9547,41,3530,4189,264,343,315,510,414,4047,1826
SANTARÉM,-8.71193710167111,39.2879521833834,61752,55253,59,29234,32518,2747,2997,2503,3537,3078,32901,13989
SANTIAGO DO CACÉM,-8.65618380443116,37.9955108726037,29749,105969,29,14586,15163,1201,1206,998,1494,1449,16365,7036
SANTO TIRSO,-8.40758849217354,41.3387058221462,71530,13660,03,34334,37196,2661,3291,3124,4760,4168,41194,12332
SÃO BRÁS DE ALPORTEL,-7.87864220690078,37.1956837928743,10662,15336,92,5232,5430,493,510,431,602,500,5743,2383
SÃO JOÃO DA MADEIRA,-8.49036540105296,40.8956315082288,21713,794,3,10222,11491,920,1058,920,1448,1294,12498,3575
SÃO JOÃO DA PESQUEIRA,-7.43972066851331,41.1255375546446,7874,26610,84,3883,3991,295,341,351,545,463,4062,1817
SÃO PEDRO DO SUL,-8.08301772996099,40.7851055465691,16851,34895,09,7891,8960,582,751,657,1070,880,8463,4448
SÃO ROQUE DO PICO,-28.3100497091497,38.4931952737527,3388,14236,1,1666,1722,136,159,116,245,240,1832,660
São Vicente,-17.0134772574079,32.7893804752036,5723,7883,79,2668,3055,213,273,247,393,341,2958,1298
SARDOAL,-8.14468684881541,39.5505032709963,3939,9214,73,1916,2023,124,160,150,230,208,1994,1073
SÁTÃO,-7.70559905372536,40.753826758461,12444,20194,1,5905,6539,469,553,551,840,674,6293,3064
SEIA,-7.71608045874686,40.4055597578283,24702,43568,83,11756,12946,804,913,827,1421,1270,12989,6478
SEIXAL,-9.119275121279,38.6111675152815,158269,9545,17,75916,82353,8514,8469,7108,10062,8823,90860,24433
SERNANCELHE,-7.50337625185547,40.9135218690338,5671,22861,23,2747,2924,187,235,228,387,299,2812,1523
SERPA,-7.49028378669943,37.9368655385317,15623,110563,34,7632,7991,557,662,572,995,814,7986,4037
SERTÃ,-8.11606480117064,39.8239136061586,15880,44673,16,7546,8334,543,693,600,989,774,7880,4401
SESIMBRA,-9.0902065360845,38.5180893356729,49500,19571,75,24317,25183,2836,2950,2307,3017,2547,28092,7751
SETÚBAL,-8.89865980320281,38.5223633826495,121185,23032,51,57986,63199,6349,6504,5487,7314,6410,67215,21906
SEVER DO VOUGA,-8.36201023459004,40.7309275950373,12356,12987,56,5962,6394,428,563,523,779,679,6508,2876
SILVES,-8.35026380286265,37.2085715107966,37126,68006,24,18525,18601,1664,1738,1385,2085,1756,20155,8343
SINES,-8.7817596958181,37.942673087484,14238,20330,17,7029,7209,694,689,557,903,812,8079,2504
SINTRA,-9.31396790249558,38.7874325331928,377835,31922,71,180705,197130,20792,22294,19092,26795,21551,215654,51657
SOBRAL DE MONTE AGRAÇO,-9.16702830621241,38.9962010177658,10156,5210,32,5003,5153,545,573,460,619,492,5644,1823
SOURE,-8.62630002226034,40.0821995205077,19245,26506,07,9166,10079,662,751,675,998,843,9930,5386
SOUSEL,-7.7284863856593,38.9636432452782,5074,27932,19,2376,2698,192,209,179,294,228,2390,1582
TÁBUA,-8.00646706086137,40.3479743993231,12071,19978,59,5743,6328,446,587,496,752,615,6113,3062
TABUAÇO,-7.56893488274943,41.1001002857424,6350,13385,68,3049,3301,214,260,252,406,378,3322,1518
TAROUCA,-7.76324422846817,41.0223351311115,8048,10008,49,3900,4148,366,411,407,562,454,4292,1556
TAVIRA,-7.67963073601268,37.1789430906571,26167,60696,7,12814,13353,1121,1203,945,1365,1269,14032,6232
TERRAS DE BOURO,-8.23743162570319,41.7143006050919,7253,27746,07,3478,3775,250,341,278,497,416,3692,1779
TOMAR,-8.39559566145939,39.5936869285904,40677,35120,45,19271,21406,1470,1748,1619,2559,2135,20852,10294
TONDELA,-8.09338592002074,40.5376020655809,28946,37121,7,13730,15216,930,1137,1106,1760,1489,14648,7876
TORRE DE MONCORVO,-7.03557936184351,41.1825955992741,8572,53155,68,4106,4466,209,241,244,427,400,4106,2945
TORRES NOVAS,-8.54206640277369,39.490710862096,36717,26999,68,17511,19206,1576,1679,1469,2059,1806,19370,8758
TORRES VEDRAS,-9.25050567080782,39.1003280769644,79465,40714,89,38368,41097,3651,4214,3453,5019,4140,43450,15538
TRANCOSO,-7.33633580630122,40.7823348599916,9878,36152,47,4686,5192,315,363,337,598,517,4779,2969
TROFA,-8.5687934334543,41.313598094248,38999,7201,75,18813,20186,1736,2055,1812,2879,2581,22720,5216
VAGOS,-8.68352695138193,40.5150833898575,22851,16491,51,10984,11867,1070,1111,979,1582,1376,12251,4482
VALE DE CAMBRA,-8.3710413574998,40.8432647560692,22864,14733,47,11079,11785,831,1005,838,1485,1255,12621,4829
VALENÇA,-8.62463174652318,42.0052988653559,14127,11712,87,6619,7508,554,620,532,859,751,7614,3197
VALONGO,-8.51856946943489,41.211591945384,93858,7512,44,45016,48842,4929,5217,4369,6187,5317,55353,12486
VALPAÇOS,-7.33866231594615,41.6111467467345,16882,54873,92,7975,8907,467,571,537,923,794,8214,5376
VELAS,-28.169166039414,38.6872647384611,5398,11738,37,2689,2709,243,239,238,374,345,2965,994
VENDAS NOVAS,-8.48506812113438,38.6742033112923,11846,22238,88,5705,6141,517,585,469,650,510,6141,2974
VIANA DO ALENTEJO,-8.06237945481882,38.3695297273791,5743,39367,28,2780,2963,245,293,237,305,325,2871,1467
VIANA DO CASTELO,-8.77849445989194,41.6955050352278,88725,31902,01,41889,46836,3711,4187,3679,5653,4839,49321,17335
VIDIGUEIRA,-7.75844697847108,38.1987689146451,5932,31661,08,2917,3015,261,268,237,375,373,2963,1455
VIEIRA DO MINHO,-8.12775536593558,41.6266246339374,13001,21644,36,6255,6746,462,594,582,910,779,6709,2965
VILA DE REI,-8.14489442923381,39.6823002829969,3452,19154,59,1582,1870,88,127,118,153,144,1449,1373
VILA DO BISPO,-8.88840300667409,37.0760670185079,5258,17906,07,2624,2634,177,234,151,306,232,2853,1305
VILA DO CONDE,-8.71019390779994,41.3383145781161,79533,14902,78,38469,41064,4010,4341,3668,5436,4558,45823,11697
VILA DO PORTO,-25.1262266887977,36.9733757945708,5552,9688,75,2682,2870,309,300,286,463,368,3110,716
VILA FLOR,-7.15468758196758,41.3062333777452,6697,26581,15,3212,3485,184,249,233,371,310,3421,1929
VILA FRANCA DE XIRA,-9.03996937910262,38.8999793127471,136886,31819,41,65808,71078,8027,7969,6073,8405,7230,80689,18493
VILA FRANCA DO CAMPO,-25.4197975608784,37.7403545360932,11229,7796,82,5585,5644,658,688,663,1083,871,5957,1309
VILA NOVA DA BARQUINHA,-8.41281291843188,39.4771492472756,7322,4952,97,3555,3767,309,326,317,390,335,3823,1822
VILA NOVA DE CERVEIRA,-8.71547471732063,41.9368757929192,9253,10846,66,4419,4834,403,411,322,567,462,4911,2177
VILA NOVA DE FAMALICÃO,-8.49062967793035,41.4056001109784,133832,20159,26,64849,68983,6216,7207,6593,9801,7812,77759,18444
VILA NOVA DE FOZ CÔA,-7.18013100804082,41.0750421214918,7312,39815,17,3458,3854,211,253,249,402,353,3568,2276
VILA NOVA DE GAIA,-8.60315514665919,41.0926104977352,302298,16846,43,144490,157808,14423,15508,13482,19406,16368,176453,46658
VILA NOVA DE PAIVA,-7.76334799804725,40.867689593443,5176,17553,29,2463,2713,188,248,212,363,305,2490,1370
VILA NOVA DE POIARES,-8.2569989633979,40.211591386937,7281,8445,3,3485,3796,320,338,337,454,384,3964,1484
VILA POUCA DE AGUIAR,-7.62146823184321,41.5104241602068,13187,43706,6,6362,6825,384,503,517,825,653,6844,3461
VILA REAL,-7.73856609355405,41.3053283808624,51850,37880,28,24670,27180,2272,2646,2212,3382,2841,29156,9341
VILA REAL DE SANTO ANTÓNIO,-7.45359491707658,37.1892350759188,19156,6125,9153,10003,1005,1020,778,1190,1012,10380,3771
VILA VELHA DE RÓDÃO,-7.66666776853024,39.6857036498421,3521,32991,16,1644,1877,85,79,81,104,118,1519,1535
VILA VERDE,-8.45593917114561,41.6529375552289,47888,22866,52,22945,24943,2302,2745,2363,3675,2907,25595,8301
VILA VIÇOSA,-7.40129800926171,38.7616975497156,8319,19485,89,4057,4262,298,356,310,496,430,4478,1951
VIMIOSO,-6.54325493407125,41.5810699021013,4669,48158,52,2283,2386,113,130,119,210,195,2091,1811
VINHAIS,-7.04768630965132,41.8174791654935,9066,69475,08,4485,4581,186,212,235,391,378,4244,3420
VISEU,-7.90949790200889,40.6667217316617,99274,50710,14,46915,52359,4570,5078,4403,6528,5477,54730,18488
VIZELA,-8.2858247897114,41.3736512001775,23736,2469,82,11653,12083,1086,1277,1301,1925,1647,13779,2721
VOUZELA,-8.12330714807307,40.6877634950808,10564,19369,45,5031,5533,323,441,447,666,585,5260,2842
