Concelho;Long;Lat;3/24/20;3/25/20;3/26/20;3/27/20;3/28/20;3/29/20;3/30/20;3/31/20;4/1/20;4/2/20;4/3/20;4/4/20;4/5/20;4/6/20;4/7/20;4/8/20;4/9/20;4/10/20;4/11/20;4/12/20;4/13/20
Abrantes;-8,183582796;39,46907532;0;0;0;0;0;0;7;0;0;0;0;0;0;0;0;3;3;4;4;4;4
Agueda;-8,439901817;40,58175662;3;3;10;10;13;15;0;14;19;20;22;24;24;25;26;26;30;31;32;32;32
Aguiar Da Beira;-7,529555453;40,78036565;0;0;0;0;0;0;0;0;0;0;0;0;0;0;0;0;0;0;0;0;0
Alandroal;-7,402501496;38,60683104;0;0;0;0;0;0;0;0;0;0;0;0;0;0;0;0;0;0;0;0;0
Albergaria-A-Velha;-8,495317344;40,69678309;5;5;21;28;28;32;50;31;32;34;52;53;54;54;54;54;52;52;52;52;52
Albufeira;-8,234269336;37,10949772;5;8;18;22;22;19;21;30;31;34;38;39;40;44;46;45;50;54;52;52;55
AlcAcer Do Sal;-8,49636492;38,37789597;0;0;0;0;0;0;0;0;0;0;0;0;0;0;0;0;0;5;5;5;5
Alcanena;-8,679197511;39,47929748;0;0;0;0;0;0;3;0;0;0;0;0;0;0;0;3;3;3;3;3;3
Alcobaca;-8,990890199;39,53092605;0;0;0;0;0;0;0;0;3;3;3;5;5;6;7;7;7;7;7;7;7
Alcochete;-8,93518249;38,73382259;3;3;3;3;3;0;3;4;5;5;5;7;7;8;7;7;7;9;9;9;9
Alcoutim;-7,668177441;37,42387057;0;0;0;0;0;0;0;0;0;0;0;0;0;0;0;0;0;0;0;0;0
Alenquer;-9,021383892;39,06917181;0;0;0;0;0;0;4;4;5;7;8;9;9;9;10;10;11;14;15;15;15
AlfAndega Da FE;-6,953761684;41,35267447;0;0;0;0;0;0;0;0;0;0;0;0;0;0;0;0;0;0;0;0;0
AlijO;-7,487695096;41,28854857;0;0;0;0;0;0;0;0;0;0;0;0;0;0;0;0;0;0;0;0;0
Aljezur;-8,789297806;37,32435137;0;0;0;0;0;0;0;0;0;0;0;0;0;0;0;0;0;0;0;0;0
Aljustrel;-8,168082108;37,89446216;0;0;0;0;0;0;0;0;0;0;0;0;0;0;0;0;0;0;0;0;0
Almada;-9,1806353;38,64830227;31;35;35;35;53;64;68;71;79;86;91;111;121;125;130;134;138;140;142;144;148
Almeida;-6,892775603;40,62956544;0;0;0;3;3;0;6;0;0;0;0;0;0;0;0;0;5;6;6;6;6
Almeirim;-8,605527341;39,17442928;0;3;3;3;7;7;9;8;8;8;8;8;8;8;8;8;9;9;10;10;10
AlmodOvar;-8,069879535;37,50067187;0;0;0;0;0;0;0;0;0;0;0;0;0;0;0;0;0;0;0;0;0
Alpiarca;-8,570560597;39,24113071;0;0;0;0;3;0;3;3;3;3;3;3;3;4;6;6;6;6;5;6;6
Alter Do ChAo;-7,691187098;39,21297141;0;0;0;0;0;0;0;0;0;0;0;0;0;0;0;0;0;0;0;0;0
AlvaiAzere;-8,381253972;39,82669044;0;0;3;3;4;0;4;4;5;5;17;22;22;22;22;22;22;22;22;23;23
Alvito;-8,042415091;38,24462119;0;0;0;0;0;0;0;0;0;0;0;0;0;0;0;0;0;0;0;0;0
Amadora;-9,225111809;38,75809024;21;24;31;31;41;53;63;62;68;79;82;91;99;107;108;113;129;147;153;155;159
Amarante;-8,085336595;41,28085322;0;0;0;3;4;0;6;8;9;11;12;15;21;21;27;27;30;32;35;38;39
Amares;-8,363205265;41,63797468;0;0;6;7;8;9;9;11;13;17;17;17;18;18;19;19;21;24;25;26;28
Anadia;-8,457830215;40,45296207;0;0;0;4;4;0;5;5;5;5;7;10;11;11;12;13;12;13;13;13;15
AnsiAo;-8,426558431;39,93028529;0;0;0;0;0;0;0;0;0;0;0;3;3;3;4;4;4;4;4;4;4
Arcos De Valdevez;-8,417847717;41,86494381;3;3;8;8;7;9;9;9;11;12;12;19;21;21;26;26;32;34;39;42;42
Arganil;-8,028652671;40,23478995;0;0;0;0;0;0;0;0;0;0;0;0;0;0;0;0;3;3;3;3;4
Armamar;-7,685048654;41,09843091;0;0;0;0;0;0;0;0;0;0;0;0;0;0;0;0;0;0;0;0;0
Arouca;-8,289758552;40,93227278;0;0;0;0;8;10;12;12;14;14;14;15;15;16;17;17;23;23;25;26;26
Arraiolos;-7,956237698;38,77310275;0;0;0;0;0;0;0;0;0;0;0;0;0;0;0;0;0;0;0;0;0
Arronches;-7,239485525;39,11859195;0;0;0;0;0;0;0;0;0;0;0;0;0;0;0;0;0;0;0;0;0
Arruda Dos Vinhos;-9,084852561;38,9820046;0;0;0;0;0;0;0;0;0;0;0;0;0;0;0;0;0;0;0;0;0
Aveiro;-8,62928818;40,64112212;6;6;46;55;62;95;95;70;87;127;130;140;141;142;151;152;153;158;160;164;165
Avis;-7,886814896;39,0761478;0;0;0;0;0;0;0;0;0;0;0;0;0;0;0;0;0;0;0;0;0
Azambuja;-8,896667025;39,12586294;0;0;0;0;0;0;3;0;0;0;0;0;0;0;0;0;0;0;0;0;0
BaiAo;-7,999879619;41,14550129;0;0;0;0;0;0;4;0;4;4;5;5;7;7;7;7;7;6;6;6;6
Barcelos;-8,612957848;41,53394149;3;3;15;20;20;29;35;39;55;65;70;83;90;93;103;107;122;126;133;137;141
Barrancos;-7,052187884;38,1481883;0;0;0;0;0;0;0;0;0;0;0;0;0;0;0;0;0;0;0;0;0
Barreiro;-9,055125529;38,64554851;5;6;6;6;18;17;23;37;38;49;53;54;54;54;56;57;56;74;74;74;75
Batalha;-8,794771818;39,64800466;0;0;0;0;0;0;0;0;0;0;4;4;4;4;4;4;4;4;4;4;4
Beja;-7,872482931;38,00848079;0;0;0;0;0;0;0;0;0;0;3;3;3;3;3;5;5;5;6;6;6
Belmonte;-7,334064886;40,30405165;0;0;0;0;0;0;0;0;0;0;0;0;0;0;0;0;0;0;0;0;0
Benavente;-8,81285951;38,87502162;0;0;0;0;6;13;12;7;10;12;13;22;23;23;24;25;25;26;26;27;27
Bombarral;-9,164149129;39,27480012;0;0;0;0;0;0;0;0;0;0;0;3;3;3;4;4;3;3;0;0;3
Borba;-7,469859731;38,80224997;0;0;0;0;0;0;0;0;0;0;0;0;0;0;0;0;0;0;0;0;0
Boticas;-7,702808069;41,68642009;0;0;0;0;0;0;0;0;0;0;0;0;0;0;0;0;0;0;0;0;0
Braga;-8,424916111;41,54779435;21;25;98;131;152;208;213;220;245;280;305;333;349;358;407;423;521;546;579;621;647
Braganca;-6,756357621;41,79366647;4;4;19;20;25;38;44;48;49;52;53;52;64;65;71;71;76;75;82;84;85
Cabeceiras De Basto;-7,982777031;41,51334058;0;0;0;0;0;0;0;0;0;0;0;4;5;5;5;5;4;6;7;8;8
Cadaval;-9,075673169;39,236748;0;0;0;0;0;0;0;0;0;0;0;0;0;3;3;3;3;3;3;3;3
Caldas Da Rainha;-9,10964618;39,41136589;0;0;0;0;8;0;8;0;0;0;0;0;0;0;0;0;4;4;6;7;7
Caminha;-8,829899778;41,84563623;0;0;3;3;3;0;3;3;3;3;4;6;7;7;8;8;8;9;9;9;9
Campo Maior;-7,045229932;39,02196552;0;0;0;0;0;0;0;0;0;0;0;0;0;0;0;0;0;0;0;0;0
Cantanhede;-8,619414253;40,35559079;0;0;4;4;7;8;8;11;15;18;19;22;22;22;22;24;26;28;28;28;27
Carrazeda De AnsiAes;-7,30949167;41,2361627;0;0;0;0;3;0;3;3;3;3;3;3;3;3;4;4;0;5;5;5;5
Carregal Do Sal;-7,988482416;40,44851221;0;0;0;0;0;0;0;0;0;0;3;0;0;0;3;4;6;6;7;7;7
Cartaxo;-8,806017082;39,15756683;4;4;4;4;13;11;13;9;0;9;9;10;12;14;15;16;18;18;18;18;18
Cascais;-9,38489275;38,71707915;39;43;44;44;81;110;119;133;134;149;174;187;190;197;203;218;226;238;251;261;264
Castanheira De PEra;-8,195807537;40,01994882;0;0;0;0;0;0;0;0;0;0;0;0;0;0;0;0;0;0;0;0;0
Castelo Branco;-7,485286777;39,85220019;0;0;0;0;0;0;0;0;0;0;0;0;0;0;0;0;0;0;0;0;0
Castelo De Paiva;-8,291076899;41,03306896;0;0;0;0;0;0;0;0;0;0;3;3;4;5;5;5;5;7;7;7;7
Castelo De Vide;-7,477125062;39,45866673;0;0;0;0;0;0;0;0;0;0;0;0;0;0;0;0;0;0;0;0;0
Castro Daire;-7,927807926;40,9062041;0;0;0;0;0;0;22;0;4;5;5;6;8;8;8;18;59;64;81;91;91
Castro Marim;-7,497539931;37,23424344;0;0;0;0;0;0;0;0;0;0;0;0;0;0;0;0;0;0;0;0;0
Castro Verde;-8,056075008;37,70309043;0;0;0;0;0;0;0;0;0;0;0;0;0;0;0;0;0;0;0;0;0
Celorico Da Beira;-7,39027102;40,62611648;0;0;0;0;0;0;0;0;0;0;0;0;0;0;0;0;6;6;7;7;7
Celorico De Basto;-8,036542065;41,40231497;0;0;0;0;0;0;0;0;3;3;3;4;6;6;7;7;8;8;8;9;9
Chamusca;-8,410421616;39,33167755;0;0;0;0;0;0;0;0;0;0;0;0;0;0;0;0;0;0;0;0;0
Chaves;-7,468575317;41,73761796;3;3;3;3;10;11;12;10;11;11;11;13;16;16;16;16;15;19;19;19;19
CinfAes;-8,142436681;41,05235872;0;0;0;0;0;0;5;3;4;4;4;3;3;3;4;4;5;6;6;7;7
Coimbra;-8,432105627;40,21488693;34;41;87;109;110;199;229;157;164;178;201;216;216;222;233;237;258;266;265;269;275
Condeixa-A-Nova;-8,498632531;40,10712738;3;3;4;5;6;13;15;19;20;24;28;29;29;29;36;36;38;38;40;41;41
ConstAncia;-8,298169835;39,44849619;0;0;0;0;0;0;0;0;0;0;0;0;0;0;0;0;0;0;0;0;0
Coruche;-8,482695299;38,94921955;4;4;4;4;4;0;5;7;7;7;7;9;9;10;10;11;16;16;16;16;16
CovilhA;-7,513835882;40,26915148;0;0;0;0;0;0;0;0;0;0;0;0;0;0;0;3;5;5;5;5;5
Crato;-7,642280076;39,32086671;0;0;0;0;0;0;0;0;0;0;0;0;0;0;0;0;0;0;0;0;0
Cuba;-7,903928083;38,18568396;0;0;0;0;0;0;0;0;0;0;0;0;0;0;0;0;0;0;0;0;0
Elvas;-7,1845153;38,87398154;0;0;0;0;0;0;0;0;0;0;0;0;0;0;0;0;0;3;4;4;4
Entroncamento;-8,478320403;39,46373169;0;0;0;0;0;0;0;0;0;0;0;0;0;0;0;0;0;0;0;0;0
Espinho;-8,627840579;41,00097353;8;9;13;17;18;27;29;25;26;27;28;28;31;37;37;37;39;39;42;42;45
Esposende;-8,763110682;41,54390091;0;0;5;5;7;8;8;10;10;11;11;14;14;14;16;16;21;26;26;27;28
Estarreja;-8,579176243;40,76892669;0;0;6;9;15;16;23;20;26;31;33;34;36;36;37;39;39;42;44;44;46
Estremoz;-7,583393335;38,85292753;0;0;0;0;0;0;0;0;0;0;0;0;0;0;0;0;0;0;0;0;0
Evora;-7,894289227;38,57707044;4;5;8;8;12;20;21;15;15;15;15;15;15;15;15;17;21;21;21;21;21
Fafe;-8,170518951;41,45623712;0;0;5;5;5;0;6;7;8;8;9;10;12;12;13;13;16;23;28;29;30
Faro;-7,916977917;37,02551753;8;9;25;26;26;20;21;26;28;32;34;36;37;39;39;39;42;44;42;50;52
Felgueiras;-8,201143074;41,34964719;17;17;24;26;26;37;42;45;50;56;66;72;91;94;108;111;118;126;145;159;163
Ferreira Do Alentejo;-8,181920989;38,07116111;0;0;0;0;0;0;0;0;0;0;0;0;0;0;0;0;0;0;0;0;0
Ferreira Do ZEzere;-8,308435987;39,7189222;0;0;0;0;0;0;0;0;0;0;0;0;0;0;0;0;0;0;0;0;0
Figueira Da Foz;-8,828980045;40,15914669;0;0;0;3;3;0;7;3;3;4;7;9;9;9;9;10;12;13;12;12;13
Figueira De Castelo Rodrigo;-6,957449301;40,89563223;0;0;0;0;0;0;0;0;0;0;0;0;0;0;0;0;3;3;3;3;3
FigueirO Dos Vinhos;-8,282392536;39,89266473;0;0;0;0;0;0;0;0;0;0;3;0;0;3;3;3;4;4;4;4;4
Fornos De Algodres;-7,516369973;40,63622514;0;0;0;0;0;0;0;0;0;0;0;0;0;0;0;0;0;0;0;0;0
Freixo De Espada À Cinta;-6,825635008;41,11011271;0;0;0;0;0;0;0;0;0;0;0;0;0;0;0;0;0;0;0;0;0
Fronteira;-7,631359651;39,08084199;0;0;0;0;0;0;0;0;0;0;0;0;0;0;0;0;0;0;0;0;0
FundAo;-7,487776444;40,13584097;0;0;0;0;0;0;0;0;0;0;0;0;0;0;0;0;0;0;0;0;0
GaviAo;-7,903156535;39,43954362;0;0;0;0;0;0;0;0;0;0;0;0;0;0;0;0;0;0;0;0;0
GOis;-8,114789902;40,12804102;0;0;0;0;0;0;3;3;3;3;4;4;4;4;4;5;5;5;5;5;6
GolegA;-8,49931094;39,39118283;0;0;0;0;0;0;0;0;0;0;0;0;0;0;0;0;0;0;0;0;0
Gondomar;-8,52959169;41,1513219;56;62;114;149;153;242;276;298;337;373;424;447;478;489;528;556;587;629;646;681;701
Gouveia;-7,585587022;40,51648927;0;0;0;0;0;0;0;0;0;0;3;0;0;0;0;0;11;12;12;12;13
GrAndola;-8,597181129;38,19842817;0;0;6;6;6;0;6;3;3;3;3;3;3;3;3;3;3;4;4;4;6
Guarda;-7,253074151;40,53118413;3;3;0;0;0;0;4;3;3;3;4;4;4;5;3;3;14;14;15;16;16
GuimarAes;-8,320479402;41,44564007;15;17;41;51;51;70;75;81;89;99;105;120;127;131;147;149;161;174;189;201;214
Idanha-A-Nova;-7,15009196;39,92153256;0;0;0;0;0;0;0;0;0;0;0;0;0;0;0;0;0;0;0;0;0
Ilhavo;-8,702436106;40,61337025;0;0;10;12;12;12;0;14;18;23;25;45;54;54;86;86;83;84;87;88;88
Lagoa (Faro);-8,717363255;37,13605994;3;3;0;0;3;0;0;0;0;0;0;0;3;3;3;0;3;3;3;3;3
Lagos;-8,686971912;37,11281989;0;0;4;0;0;18;18;0;0;0;0;0;3;3;3;3;3;3;3;3;3
Lamego;-7,809992832;41,0944049;0;0;0;0;0;0;4;5;6;8;8;8;9;9;10;10;10;10;13;13;15
Leiria;-8,804797801;39,76128203;0;0;7;7;7;10;10;6;18;19;21;22;22;22;25;25;29;32;36;38;38
Lisboa;-9,151552789;38,73992201;175;187;284;284;366;594;633;505;546;594;634;654;681;699;754;773;797;851;867;890;905
LoulE;-8,060709091;37,12766214;0;0;8;14;13;15;17;23;25;25;26;26;33;39;41;41;41;42;41;42;42
Loures;-9,132475432;38,82115103;24;28;28;28;57;64;72;84;101;109;117;126;131;130;134;138;158;179;191;196;201
LourinhA;-9,286215146;39,24009827;0;0;0;0;0;0;0;0;0;0;0;0;0;0;4;5;5;5;5;5;4
LousA;-8,232207779;40,11910526;0;0;0;0;0;0;4;5;6;7;7;7;7;7;7;7;7;7;7;7;8
Lousada;-8,276139278;41,28176872;29;27;33;38;38;42;44;52;52;55;60;64;81;87;92;93;98;98;107;115;124
MacAo;-7,992707598;39,59335009;0;0;0;0;0;0;0;0;0;0;0;0;0;0;0;0;0;0;0;0;0
Macedo De Cavaleiros;-6,942598159;41,54022291;0;0;3;4;4;0;7;7;7;8;8;8;10;10;13;13;16;17;17;18;18
Mafra;-9,312040382;38,95474579;7;8;8;8;24;27;31;34;35;37;37;39;42;42;45;46;49;53;52;53;55
Maia;-8,604682073;41,23121277;104;119;157;171;219;296;313;293;328;361;390;404;422;444;465;485;512;543;565;588;600
Mangualde;-7,747131941;40,59911057;0;0;0;0;0;0;0;0;0;0;0;0;0;0;0;0;11;12;34;35;50
Manteigas;-7,527995944;40,39629083;0;0;0;0;0;0;0;0;0;0;0;0;0;0;0;0;0;0;0;0;0
Marco De Canaveses;-8,173966235;41,15122568;3;4;0;0;9;15;18;17;20;21;24;26;27;28;30;30;39;42;43;45;45
Marinha Grande;-8,953492405;39,77890523;0;0;6;6;7;7;7;7;8;9;9;9;10;10;11;11;11;10;10;12;12
MarvAo;-7,361286092;39,39547443;0;0;0;0;0;0;0;0;0;0;0;0;0;0;0;0;0;0;0;0;0
Matosinhos;-8,662825379;41,20333899;54;56;81;107;189;254;295;273;303;347;368;386;395;400;416;425;444;619;643;682;715
Mealhada;-8,442823715;40,36010133;0;0;0;0;0;0;5;3;5;5;7;7;8;8;10;10;10;11;11;12;13
Meda;-7,254217892;40,90475608;0;0;0;0;0;0;0;0;0;0;0;0;0;0;0;0;0;0;0;0;0
Melgaco;-8,247841335;42,08755017;0;0;0;0;0;0;4;4;5;5;7;7;7;8;9;12;14;14;14;14;14
MErtola;-7,680313677;37,66663206;0;0;0;0;0;0;0;0;0;0;0;0;0;0;0;0;0;0;0;0;0
MesAo Frio;-7,876284629;41,16307514;0;0;0;0;0;0;0;0;0;0;0;0;0;0;0;0;0;0;0;0;0
Mira;-8,750219043;40,42944088;0;0;0;0;0;0;0;0;0;0;0;0;0;0;0;0;0;0;0;0;0
Miranda Do Corvo;-8,328316393;40,11068239;0;0;0;0;0;3;4;3;5;6;6;6;6;6;7;7;8;8;8;8;8
Miranda Do Douro;-6,350862829;41,49262541;0;0;0;0;0;0;0;0;0;0;0;0;0;0;0;0;3;4;4;4;4
Mirandela;-7,180593053;41,49857155;3;3;5;6;8;10;10;11;11;11;11;12;14;14;14;15;13;15;17;17;17
Mogadouro;-6,683208575;41,32766075;0;0;0;0;0;0;0;0;0;0;0;0;0;0;0;0;0;0;0;0;0
Moimenta Da Beira;-7,629940725;40,97426316;0;0;0;0;0;0;0;0;0;0;0;0;3;3;3;3;5;7;8;8;8
Moita;-9,014898207;38,65111871;4;5;5;5;10;12;12;22;29;29;29;30;31;32;35;38;40;51;51;51;52
MoncAo;-8,445769063;42,04574716;0;0;0;0;3;3;3;5;5;5;5;6;6;6;7;9;11;11;11;11;20
Monchique;-8,583865292;37,32430011;0;0;0;0;0;0;0;0;0;0;0;0;0;0;0;0;0;0;0;0;0
Mondim De Basto;-7,920011501;41,4042734;0;0;0;0;0;0;0;0;0;0;0;0;0;0;0;0;0;0;0;0;0
Monforte;-7,436106049;39,04713982;0;0;0;0;0;0;0;0;0;0;0;0;0;0;0;0;0;0;0;0;0
Montalegre;-7,838264513;41,77068379;0;0;0;0;0;0;0;0;0;0;0;0;0;0;0;0;0;0;0;0;0
Montemor-O-Novo;-8,247248781;38,66425606;0;0;0;0;0;0;0;0;0;0;0;0;0;0;0;0;0;0;0;0;0
Montemor-O-Velho;-8,648878749;40,21371388;0;0;0;8;8;10;12;12;13;13;14;14;14;14;14;14;14;14;14;14;14
Montijo;-8,946062891;38,70259327;5;4;4;4;9;11;11;14;19;21;22;22;23;24;26;26;27;37;38;40;40
Mora;-8,119738635;38,94029903;0;0;0;0;0;0;0;0;0;0;0;0;0;0;0;0;0;0;0;0;0
MortAgua;-8,242557587;40,40865399;0;0;0;0;0;0;0;0;3;3;3;0;0;0;0;0;0;0;0;0;0
Moura;-7,327728592;38,1366401;0;0;0;0;0;0;0;0;0;0;0;0;0;0;0;0;0;0;22;22;22
MourAo;-7,280195441;38,33391803;0;0;0;0;0;0;0;0;0;0;0;0;0;0;0;0;0;0;0;0;0
Murca;-7,438184275;41,41277876;0;0;0;0;0;0;0;0;0;0;0;0;0;0;0;0;0;0;0;0;0
Murtosa;-8,663863524;40,75272159;0;0;0;4;5;0;6;6;7;7;7;6;6;6;6;6;6;6;6;6;6
NazarE;-9,038952217;39,60582852;0;0;0;0;0;0;0;0;0;0;0;0;0;0;0;0;0;0;0;0;0
Nelas;-7,875691101;40,52287462;0;0;3;3;4;0;5;4;7;7;8;9;9;9;9;10;12;13;13;13;13
Nisa;-7,652622881;39,49534012;0;0;0;0;0;0;0;0;0;0;0;0;0;0;0;0;0;0;0;0;0
Obidos;-9,167869105;39,36027148;0;0;0;0;0;0;0;0;0;0;0;0;0;0;0;0;0;0;3;3;3
Odemira;-8,641990604;37,62669971;0;0;0;0;0;0;0;0;0;0;0;0;0;0;0;0;0;0;0;0;0
Odivelas;-9,191996766;38,79564526;14;18;18;18;46;63;64;66;72;83;86;93;95;95;99;100;112;124;131;136;141
Oeiras;-9,269927755;38,71261256;16;17;17;17;47;74;79;70;78;93;100;116;120;125;142;146;152;161;163;167;168
Oleiros;-7,868035105;39,94304528;0;0;0;0;0;0;0;0;0;0;0;0;0;0;0;0;0;0;0;0;0
OlhAo;-7,822733198;37,04354523;0;0;0;0;0;3;3;3;5;5;7;7;7;9;9;9;9;10;11;11;12
Oliveira De AzemEis;-8,473919663;40,85317428;11;18;26;30;46;67;71;59;67;71;75;82;84;86;92;94;99;106;114;117;118
Oliveira De Frades;-8,223312345;40,71678537;0;0;0;0;3;7;7;6;6;7;7;7;7;7;7;8;8;8;8;8;8
Oliveira Do Bairro;-8,549332187;40,5175257;0;0;6;7;7;9;10;9;10;10;10;11;11;11;13;13;14;15;15;15;15
Oliveira Do Hospital;-7,864012059;40,36419457;0;0;0;0;0;0;0;0;0;0;0;0;0;3;0;0;3;4;4;5;6
OurEm;-8,587793777;39,6688166;0;3;3;3;4;0;5;5;9;9;10;14;15;15;19;19;21;25;25;26;26
Ourique;-8,286338168;37,65053728;0;0;0;0;0;0;0;0;0;0;0;0;0;0;0;0;0;0;0;0;0
Ovar;-8,621983213;40,88965432;55;58;119;145;145;159;241;159;194;209;220;222;238;224;247;273;275;379;403;409;416
Pacos De Ferreira;-8,376152263;41,28562531;5;10;19;22;22;31;35;40;47;48;64;69;84;92;112;113;130;136;146;158;163
Palmela;-8,883505734;38,61160685;0;0;0;0;5;7;9;11;11;11;11;11;11;11;11;11;14;14;14;14;15
Pampilhosa Da Serra;-7,89505448;40,07877472;0;0;0;0;0;0;0;0;0;0;0;0;0;0;0;0;0;0;0;0;0
Paredes;-8,385358665;41,20627057;7;8;16;18;21;34;35;42;44;46;56;66;91;96;110;113;126;132;141;150;165
Paredes De Coura;-8,570952559;41,9067652;0;0;0;0;0;0;0;0;0;3;3;3;3;5;6;6;6;6;6;6;6
PedrOgAo Grande;-8,180705718;39,9370343;0;0;0;0;0;0;0;0;0;0;0;0;0;0;0;0;0;0;0;0;0
Penacova;-8,2850258;40,28573523;0;0;0;4;3;3;5;5;5;6;7;7;7;7;8;8;8;9;9;9;9
Penafiel;-8,289716456;41,16411325;6;7;11;11;13;21;22;31;32;37;39;42;49;53;56;56;72;78;84;91;98
Penalva Do Castelo;-7,688957676;40,67013832;0;0;0;0;0;0;0;0;0;0;0;0;0;0;0;0;0;0;0;0;0
Penamacor;-7,160783145;40,15749428;0;0;0;0;0;0;0;0;0;0;0;0;0;0;0;0;0;0;0;0;0
Penedono;-7,395328739;40,99785475;0;0;0;0;0;0;0;0;0;0;0;0;0;0;0;0;0;0;0;0;0
Penela;-8,374971113;40,00767871;0;0;0;0;0;0;0;0;0;0;0;0;0;0;0;0;0;0;0;0;0
Peniche;-9,349466666;39,34884142;0;0;0;0;0;0;3;0;3;4;5;5;5;6;7;7;7;7;6;7;7
Peso Da REgua;-7,787598627;41,17462587;0;0;0;0;0;0;6;3;5;9;9;9;9;9;9;9;10;11;13;15;15
Pinhel;-7,11423735;40,74464106;0;0;0;0;0;0;0;0;0;0;0;0;0;0;0;0;8;9;9;9;9
Pombal;-8,672426683;39,9206658;3;3;12;13;13;18;19;21;36;36;36;35;35;35;34;34;31;31;31;31;32
Ponte Da Barca;-8,386671453;41,79390706;0;0;0;0;0;0;0;0;0;0;0;0;0;0;0;0;3;3;4;4;4
Ponte De Lima;-8,581479507;41,7485156;0;0;5;5;5;3;5;0;0;0;0;5;6;7;12;12;16;17;19;19;19
Ponte De Sor;-8,032722832;39,2312843;0;0;0;0;0;0;0;0;0;0;0;0;0;0;0;0;0;0;0;0;0
Portalegre;-7,42592328;39,28840496;0;0;0;0;0;0;0;0;0;0;0;0;0;0;0;0;0;3;0;0;0
Portel;-7,725500638;38,30912692;0;0;0;0;0;0;0;0;0;0;0;0;0;0;0;0;0;0;0;0;0
PortimAo;-8,551434682;37,18075246;8;7;16;17;17;18;19;21;22;21;23;22;23;24;25;25;29;30;29;29;30
Porto;-8,620971828;41,16173719;126;137;259;317;343;417;941;462;505;556;606;643;660;689;730;750;776;840;852;885;921
Porto De MOs;-8,821700724;39,58238488;0;0;0;0;0;0;0;0;0;0;0;0;0;0;0;0;3;3;3;4;4
POvoa De Lanhoso;-8,260457846;41,57900653;0;0;4;7;7;12;12;14;17;17;17;21;21;21;23;23;25;25;27;28;29
POvoa De Varzim;-8,738184816;41,40149034;0;0;13;15;15;16;24;15;21;23;27;30;30;30;33;34;33;47;56;60;62
Proenca-A-Nova;-7,867990301;39,74420933;0;0;0;0;0;0;0;0;0;0;0;0;0;0;0;0;0;0;0;0;0
Redondo;-7,598467417;38,62320187;0;0;0;0;0;0;0;0;0;0;0;0;0;0;0;0;0;0;0;0;0
Reguengos De Monsaraz;-7,52159015;38,4134753;0;0;0;0;3;3;4;3;5;0;7;7;8;8;8;8;8;8;8;8;8
Resende;-7,943430238;41,09113611;0;0;3;9;32;26;27;35;36;37;37;42;45;45;52;52;53;53;53;53;53
Ribeira De Pena;-7,81843686;41,50023474;0;0;0;0;0;0;0;0;0;0;0;0;0;0;0;0;0;0;0;0;0
Rio Maior;-8,913672244;39,33407016;0;0;0;0;0;0;4;4;4;4;4;9;9;8;8;8;8;8;8;8;9
Sabrosa;-7,592371114;41,25849817;0;0;0;0;0;0;0;0;0;0;0;0;0;0;0;0;3;3;3;3;4
Sabugal;-7,037697673;40,35980792;0;0;0;0;0;0;0;0;0;0;0;0;0;0;0;0;0;0;0;0;0
Salvaterra De Magos;-8,708222042;39,03204216;0;0;0;0;0;0;0;0;0;3;3;4;4;4;5;5;5;5;5;5;5
Santa Comba DAo;-8,121139164;40,40327528;0;0;0;0;0;0;0;0;0;0;0;0;0;0;0;0;0;0;3;4;4
Santa Maria Da Feira;-8,532894568;40,96445484;33;39;45;54;103;136;154;148;162;174;187;212;216;224;231;233;246;254;265;269;279
Santa Marta De PenaguiAo;-7,791640411;41,21894782;0;0;0;0;0;0;0;0;0;0;0;0;0;0;0;0;0;0;0;0;0
SantarEm;-8,711937102;39,28795218;9;9;9;9;20;22;26;27;28;29;29;38;38;38;42;42;46;46;45;47;47
Santiago Do CacEm;-8,656183804;37,99551087;0;0;0;0;0;0;6;6;6;6;6;6;6;7;7;8;8;8;11;11;11
Santo Tirso;-8,407588492;41,33870582;7;8;13;20;24;42;44;43;48;54;58;64;73;82;93;94;107;114;128;139;149
SAo BrAs De Alportel;-7,878642207;37,19568379;0;0;0;0;0;0;0;0;0;0;0;0;0;0;0;0;0;0;0;0;0
SAo JoAo Da Madeira;-8,490365401;40,89563151;0;0;3;9;13;28;32;25;28;30;31;32;32;35;35;36;36;41;44;44;45
SAo JoAo Da Pesqueira;-7,439720669;41,12553755;0;0;0;0;0;0;0;0;0;0;0;0;0;0;0;0;0;0;0;0;0
SAo Pedro Do Sul;-8,08301773;40,78510555;0;0;0;0;0;3;3;3;3;4;4;6;6;6;6;6;7;7;8;8;8
Sardoal;-8,144686849;39,55050327;0;0;0;0;0;0;0;0;0;0;0;0;0;0;0;0;0;0;0;0;0
SAtAo;-7,705599054;40,75382676;0;0;0;0;0;0;0;0;0;0;0;0;0;0;0;0;5;5;5;5;5
Seia;-7,716080459;40,40555976;0;0;0;0;0;0;4;0;0;0;0;0;0;0;0;0;5;5;5;5;5
Seixal;-9,119275121;38,61116752;21;29;29;29;59;66;68;71;79;85;92;96;101;102;109;113;116;125;127;129;129
Sernancelhe;-7,503376252;40,91352187;0;0;0;0;0;0;0;0;0;0;0;0;0;0;0;0;0;0;0;0;0
Serpa;-7,490283787;37,93686554;0;0;0;0;0;0;0;0;0;3;3;3;4;4;6;6;6;17;17;17;17
SertA;-8,116064801;39,82391361;0;0;0;0;0;0;0;0;0;0;0;0;0;0;0;0;0;0;0;0;0
Sesimbra;-9,090206536;38,51808934;4;4;4;4;7;10;11;10;10;9;10;12;13;12;13;13;16;17;17;17;17
SetUbal;-8,898659803;38,52236338;7;9;9;9;15;20;24;25;31;33;34;36;37;37;40;43;44;52;52;53;55
Sever Do Vouga;-8,362010235;40,7309276;0;0;0;0;0;3;3;0;0;0;0;4;5;5;5;5;5;5;7;7;7
Silves;-8,350263803;37,20857151;3;3;5;5;5;0;5;6;6;7;7;10;10;11;11;10;15;16;15;15;19
Sines;-8,781759696;37,94267309;0;0;0;0;0;0;4;3;3;4;3;4;4;3;4;4;4;4;4;4;4
Sintra;-9,313967902;38,78743253;39;43;8;8;116;148;159;167;192;224;242;254;269;278;299;310;334;358;374;394;397
Sobral De Monte Agraco;-9,167028306;38,99620102;0;0;0;0;0;0;0;0;0;0;0;0;0;0;0;0;0;0;0;0;0
Soure;-8,626300022;40,08219952;3;3;7;7;7;0;8;7;8;8;8;8;8;8;8;8;10;11;12;12;12
Sousel;-7,728486386;38,96364325;0;0;0;0;0;0;0;0;0;0;0;0;0;0;0;0;0;0;0;0;0
TAbua;-8,006467061;40,3479744;0;0;0;0;0;0;0;0;0;0;0;0;0;0;0;0;3;4;4;4;15
Tabuaco;-7,568934883;41,10010029;0;0;0;0;0;0;0;0;0;0;0;0;0;0;0;0;0;0;0;0;0
Tarouca;-7,763244228;41,02233513;0;0;0;0;0;0;0;0;0;0;0;0;0;0;0;0;0;0;0;0;0
Tavira;-7,679630736;37,17894309;0;0;0;0;0;0;0;3;3;3;3;6;11;24;24;24;25;25;26;27;29
Terras De Bouro;-8,237431626;41,71430061;0;0;0;0;0;0;0;0;0;0;0;0;3;3;4;4;6;6;6;7;7
Tomar;-8,395595661;39,59368693;0;0;0;0;6;3;9;3;3;4;4;4;5;5;6;7;8;8;9;9;9
Tondela;-8,09338592;40,53760207;0;0;0;0;0;0;0;0;0;0;0;0;0;0;0;0;7;8;7;8;8
Torre De Moncorvo;-7,035579362;41,1825956;0;0;0;3;3;0;3;0;0;0;0;0;12;12;18;18;19;19;21;22;22
Torres Novas;-8,542066403;39,49071086;0;0;0;0;3;0;4;0;0;0;3;4;4;4;7;7;7;9;9;9;9
Torres Vedras;-9,250505671;39,10032808;0;0;0;0;13;11;13;13;13;15;16;19;21;22;26;28;28;29;29;29;26
Trancoso;-7,336335806;40,78233486;0;0;0;0;0;0;5;0;3;0;0;0;0;0;0;4;10;10;11;12;12
Trofa;-8,568793433;41,31359809;0;0;8;8;14;29;30;31;35;42;45;43;48;56;57;59;66;72;75;79;84
Vagos;-8,683526951;40,51508339;0;0;3;4;5;0;5;5;5;6;7;7;8;8;9;9;9;11;13;13;13
Vale De Cambra;-8,371041357;40,84326476;3;4;3;5;15;24;25;22;23;23;25;31;33;36;39;40;44;48;52;55;60
Valenca;-8,624631747;42,00529887;0;0;0;0;0;0;0;0;3;3;3;3;4;4;4;5;6;6;6;6;6
Valongo;-8,518569469;41,21159195;65;71;100;108;139;184;202;210;233;275;308;320;344;364;387;397;429;455;464;479;491
Valpacos;-7,338662316;41,61114675;0;0;0;0;0;3;3;3;3;3;3;3;3;3;4;4;5;5;5;5;5
Vendas Novas;-8,485068121;38,67420331;0;0;0;0;0;0;0;0;0;0;0;0;0;0;0;0;0;0;0;0;0
Viana Do Alentejo;-8,062379455;38,36952973;0;0;0;0;0;0;0;0;0;0;0;0;0;0;0;0;0;0;0;0;0
Viana Do Castelo;-8,77849446;41,69550504;7;7;19;19;24;33;36;33;34;34;38;39;49;68;75;79;82;87;95;104;104
Vidigueira;-7,758446978;38,19876891;0;0;0;0;0;0;0;0;0;0;0;0;0;0;0;0;0;0;0;0;0
Vieira Do Minho;-8,127755366;41,62662463;0;0;0;0;0;0;3;3;4;6;6;8;9;9;9;11;13;13;13;14;15
Vila De Rei;-8,144894429;39,68230028;0;0;0;0;0;0;0;0;0;0;0;0;0;0;0;0;0;0;0;0;0
Vila Do Bispo;-8,888403007;37,07606702;0;0;0;0;0;0;0;0;0;0;0;0;0;0;0;0;0;0;0;0;0
Vila Do Conde;-8,710193908;41,33831458;8;8;12;15;22;32;39;34;39;39;40;47;47;47;49;50;55;68;77;86;130
Vila Flor;-7,154687582;41,30623338;0;0;0;0;0;0;0;0;0;0;0;0;3;3;5;5;5;5;5;5;5
Vila Franca De Xira;-9,039969379;38,89997931;5;6;6;6;16;22;24;22;26;30;34;35;36;36;42;44;48;55;60;61;62
Vila Nova Da Barquinha;-8,412812918;39,47714925;0;0;0;0;0;0;0;0;0;0;0;0;0;0;0;0;0;3;3;3;3
Vila Nova De Cerveira;-8,715474717;41,93687579;0;0;0;0;0;0;0;0;0;0;0;0;0;0;0;0;3;3;4;4;4
Vila Nova De FamalicAo;-8,490629678;41,40560011;12;14;44;48;48;61;71;93;99;107;110;121;143;145;150;154;168;180;193;211;225
Vila Nova De Foz COa;-7,180131008;41,07504212;0;0;0;0;0;0;19;0;0;0;0;0;0;0;7;7;69;70;70;70;68
Vila Nova De Gaia;-8,603155147;41,0926105;68;83;163;262;262;351;344;338;387;418;449;468;499;518;551;576;631;710;758;796;842
Vila Nova De Paiva;-7,763347998;40,86768959;0;0;0;0;0;0;0;0;0;0;0;0;0;0;0;0;0;0;0;0;0
Vila Nova De Poiares;-8,256998963;40,21159139;0;0;0;0;0;0;0;3;3;3;3;3;3;3;3;3;3;3;3;3;3
Vila Pouca De Aguiar;-7,621468232;41,51042416;0;0;0;0;3;3;3;3;3;3;3;3;3;3;3;3;3;3;3;3;3
Vila Real;-7,738566094;41,30532838;4;9;8;34;98;103;115;121;124;124;124;127;129;129;132;132;131;134;134;137;138
Vila Real De Santo AntOnio;-7,453594917;37,18923508;0;0;3;0;5;0;5;9;9;11;11;0;0;15;15;15;13;13;13;13;14
Vila Velha De ROdAo;-7,666667769;39,68570365;0;0;0;0;0;0;0;0;0;0;0;0;0;0;0;0;0;0;0;0;0
Vila Verde;-8,455939171;41,65293756;0;0;0;5;10;14;15;25;30;36;41;41;43;44;48;49;57;57;62;70;87
Vila Vicosa;-7,401298009;38,76169755;0;0;0;0;0;0;0;0;0;0;0;0;0;0;0;0;0;0;0;0;0
Vimioso;-6,543254934;41,5810699;0;0;0;0;0;3;3;3;4;4;4;4;6;7;7;7;7;7;8;8;8
Vinhais;-7,04768631;41,81747917;0;0;0;0;0;0;0;0;0;0;5;5;9;9;9;9;10;10;10;10;10
Viseu;-7,909497902;40,66672173;6;11;20;21;21;20;28;19;21;22;24;29;33;33;36;37;55;62;65;68;69
Vizela;-8,28582479;41,3736512;0;0;0;3;4;0;5;8;11;11;11;12;15;15;17;17;19;20;2;23;26
Vouzela;-8,123307148;40,6877635;0;0;0;0;0;0;0;0;0;0;0;0;0;0;0;0;0;0;0;0;0
